Marca temporal,"Evalúe su nivel de competencia en el uso de plataformas LMS (Moodle, Canvas, Google Classroom).",¿Con qué frecuencia diseña actividades interactivas en entornos digitales?,¿Qué tan competente se siente para adaptar materiales a estudiantes con discapacidad?,¿Ha recibido formación específica sobre el uso pedagógico de TIC en su institución?,¿Considera que su institución brinda apoyo suficiente para fortalecer sus competencias digitales?,¿Evalúe su competencia para crear recursos educativos con Canva Genially u otras?,¿Utiliza repositorios abiertos de recursos académicos y científicos    ?,¿Con qué frecuencia adapta sus contenidos digitales a la diversidad estudiantil?,¿Con que frecuencia utiliza herramientas colaborativas como Google Docs o Padlet? con sus estudiantes,"¿Con qué frecuencia participa en comunidades virtuales o redes digitales de docentes para compartir recursos, estrategias o experiencias pedagógicas? ","¿Utiliza herramientas como (Kahoot, Socrative, Moodle) para la evaluación formativa?",¿Qué tan competente se considera en el diseño y uso de rúbricas digitales para evaluar el aprendizaje de sus estudiantes? ,"¿Con qué frecuencia utiliza medios digitales (video, audio o texto) para ofrecer retroalimentación personalizada a sus estudiantes? ","¿Con qué frecuencia utiliza herramientas de IA (ChatGPT, Copilot, Gamma, Bard, etc.) en su enseñanza?",¿Ha recibido formación específica sobre IA aplicada a la educación?,¿En qué medida considera que la inteligencia artificial puede apoyar y complementar su retroalimentación docente? ,¿En qué medida considera que la inteligencia artificial contribuye a personalizar el aprendizaje de sus estudiantes? ,¿Percibe que el uso de la inteligencia artificial en el aula implica la necesidad de abordar temas éticos con sus estudiantes? ,¿Cree que la IA puede favorecer la inclusión educativa?,¿Considera que la IA le ahorra tiempo en tareas repetitivas?,¿Conoce la metodología COIL (Collaborative Online International Learning)?,¿Conoce el marco DigCompEdu de la Unión Europea sobre competencias digitales docentes?,¿Conoce el marco ICT-CFT de la UNESCO sobre competencias digitales docentes?,"¿Conoce que existen criterios internacionales para evaluar competencias digitales docentes (niveles: básico, intermedio, avanzado)?",¿Seleccione su nivel de competencias digitales docentes de acuerdo al marco europeo DigCompEdu?,¿En qué áreas considera tener mayor dominio en el uso de tecnologías digitales? (marque todas las que correspondan),¿Cuáles son las principales dificultades que enfrenta al integrar TIC o IA en su práctica docente? (marque todas las que correspondan),¿Considera que sus competencias digitales actuales son adecuadas para implementar estrategias pedagógicas que promuevan aprendizajes significativos en entornos virtuales?,¿En qué medida sus competencias digitales contribuyen a generar aprendizajes significativos en sus estudiantes? ,Mencione las principales ventajas que ha encontrado al usar plataformas virtuales en su institución.,¿Qué limitaciones ha enfrentado en el uso de herramientas digitales en su práctica docente?,"En su opinión, ¿qué competencias digitales son esenciales para un docente de educación superior?",¿De qué manera el uso de herramientas digitales ha influido en sus estrategias o criterios para evaluar el aprendizaje de sus estudiantes? ,¿Qué retos técnicos o dilemas éticos ha experimentado o considera que podría enfrentar al integrar herramientas de inteligencia artificial en el aula? ,INSTITUCIÓN DE EDUCACIÓN SUPERIOR
2025-10-28 17:14:07.526,2,3,3,3,2,1,3,4,3,1,3,3,5,4,2,4,4,5,5,5,1,1,1,1,Uso autónomo y regular de TIC en la enseñanza.,"Creación y adaptación de contenidos digitales., Comunicación y colaboración digital con estudiantes o colegas., Evaluación digital (rúbricas, cuestionarios en línea, retroalimentación digital)., Desarrollo profesional y formación continua en competencias digitales, Uso de inteligencia artificial y tecnologías emergentes.","Infraestructura tecnológica insuficiente, Conectividad limitada., Falta de formación docente continua., Sobrecarga laboral o falta de tiempo., Escaso apoyo institucional.",Parcialmente adecuadas.,Totalmente: Las competencias digitales transforman de forma clara los aprendizajes.,Facilidad para realizar tareas.,Conectividad con errores; información confusa ,Capacidad de integrar la tecnología de forma pedagógica,para evaluarlos. ,No hay equipos; falta informar sobre la ética en su uso; no hay buena conectividad,INSTITUTO SUPERIOR TECNOLÓGICO DEL AZUAY
2025-10-28 17:17:24.253,5,5,4,5,4,5,5,5,5,5,5,5,5,5,5,5,5,5,5,5,2,3,3,2,"Uso limitado, aplica TIC en actividades simples.",Creación y adaptación de contenidos digitales.,"Conectividad limitada., Sobrecarga laboral o falta de tiempo., Escaso apoyo institucional.","Sí, totalmente adecuadas.",Totalmente: Las competencias digitales transforman de forma clara los aprendizajes.,"Automatización de proceso, detección de falencia de conocimientos en los estudiantes","El servicio de internet, herramientas son de pagos",Formación de nuevas herramientas,para identificar falencias aunque los estudiante no lo valoren,Recursos,INSTITUTO SUPERIOR TECNOLÓGICO DEL AZUAY
2025-10-28 17:33:08.356,4,3,4,3,5,4,5,5,4,4,4,4,4,3,4,4,3,5,5,4,2,2,2,3,Uso autónomo y regular de TIC en la enseñanza.,Desarrollo profesional y formación continua en competencias digitales,Infraestructura tecnológica insuficiente,"Sí, totalmente adecuadas.",Bastante: Las competencias digitales potencian la enseñanza y la comprensión.,Rapidez de Calificación ,No veo ninguna limitación ,Promover el uso ético y seguro de la tecnología.,de manera correcta,No retener el conocimiento ,INSTITUTO SUPERIOR TECNOLÓGICO DEL AZUAY
2025-10-28 17:36:11.990,4,4,1,4,3,2,2,2,1,2,3,4,4,4,4,4,4,4,4,4,1,1,1,2,"Uso avanzado y flexible, adapta recursos digitales a distintas necesidades.",Uso de inteligencia artificial y tecnologías emergentes.,"Infraestructura tecnológica insuficiente, Conectividad limitada.","Sí, totalmente adecuadas.",Bastante: Las competencias digitales potencian la enseñanza y la comprensión.,Ahorro de tiempo ,El internet ,Manejo de IA,De una manera positiva ,La infraestructura ,INSTITUTO SUPERIOR TECNOLÓGICO DEL AZUAY
2025-10-28 17:38:39.286,3,3,3,3,2,3,3,3,3,2,4,4,3,3,4,4,4,4,5,4,2,2,2,1,"Uso avanzado y flexible, adapta recursos digitales a distintas necesidades.","Creación y adaptación de contenidos digitales., Comunicación y colaboración digital con estudiantes o colegas., Evaluación digital (rúbricas, cuestionarios en línea, retroalimentación digital)., Desarrollo profesional y formación continua en competencias digitales, Uso de inteligencia artificial y tecnologías emergentes.","Infraestructura tecnológica insuficiente, Conectividad limitada., Falta de formación docente continua., Sobrecarga laboral o falta de tiempo., Resistencia al cambio o cultura digital limitada.",Parcialmente adecuadas.,Bastante: Las competencias digitales potencian la enseñanza y la comprensión.,Se cuenta con más tiempo para planificar las clases.,Falta de Internet y Acceso a las herramientas de forma Gratuita.,Manejar las TICs en la práctica Docente.,Ha permitido que se simplifique los procesos.,"La Copia, la dependencia total de las herramientas.",INSTITUTO SUPERIOR TECNOLÓGICO DEL AZUAY
2025-10-28 18:59:14.804,3,3,3,3,3,3,3,3,3,3,4,4,4,4,3,4,4,5,5,5,1,1,1,1,"Uso muy básico de TIC, con apoyo frecuente","Creación y adaptación de contenidos digitales., Comunicación y colaboración digital con estudiantes o colegas.","Infraestructura tecnológica insuficiente, Conectividad limitada., Sobrecarga laboral o falta de tiempo., Escaso apoyo institucional.",Poco adecuadas.,Bastante: Las competencias digitales potencian la enseñanza y la comprensión.,"Clases asincrónicas, recursos digitales organizados",No todos los estudiantes y aulas cuentas con equipos de ultima generación,"Producción audiovisual, presentación atractiva y motivadora",eficiente,la falta de criterio personal en ciertos temas que requieren mayor profundidad de análisis,INSTITUTO SUPERIOR TECNOLÓGICO DEL AZUAY
2025-10-28 19:41:45.418,4,4,4,4,4,4,4,4,4,4,4,4,4,4,4,4,4,4,4,4,1,1,1,3,Innova con TIC y guía a otros docentes en su uso.,Desarrollo profesional y formación continua en competencias digitales,"Conectividad limitada., Resistencia al cambio o cultura digital limitada.",Poco adecuadas.,Bastante: Las competencias digitales potencian la enseñanza y la comprensión.,DIDACTICAS,EL COSTO ,"La gestión de información, la comunicación y colaboración, la creación de contenidos digitales, la seguridad digital y la resolución de problemas.","permitir una evaluación más formativa, personalizada y dinámica, con retroalimentación instantánea y un seguimiento en tiempo real del progreso del estudiante. ","responsabilidad, toma de decisiones y rendición de cuentas; sesgos y equidad; privacidad y protección de datos; empleo y automatización; transparencia y explicabilidad e impacto en la autonomía humana.",INSTITUTO SUPERIOR TECNOLÓGICO DEL AZUAY
2025-10-28 21:53:25.376,1,1,3,1,1,2,2,2,2,2,2,2,2,2,2,2,3,2,2,2,1,1,1,1,"Uso muy básico de TIC, con apoyo frecuente","Creación y adaptación de contenidos digitales., Comunicación y colaboración digital con estudiantes o colegas., Uso de inteligencia artificial y tecnologías emergentes.","Conectividad limitada., Sobrecarga laboral o falta de tiempo.",Parcialmente adecuadas.,Bastante: Las competencias digitales potencian la enseñanza y la comprensión.,Flexibilidad en el desarrollo  de contenidos,Infraestructura Tecnológica,Mayor conocimiento de uso de herramientas TIC´S ,De alto impacto,La cantidad de asimilización de conocimientos adquiere el estudiante,INSTITUTO SUPERIOR TECNOLÓGICO DEL AZUAY
2025-10-28 22:22:00.702,4,3,2,4,4,4,3,3,3,2,3,3,5,4,2,4,4,4,5,4,1,1,1,1,Uso autónomo y regular de TIC en la enseñanza.,"Evaluación digital (rúbricas, cuestionarios en línea, retroalimentación digital).","Conectividad limitada., Sobrecarga laboral o falta de tiempo.","Sí, totalmente adecuadas.",Bastante: Las competencias digitales potencian la enseñanza y la comprensión.,Permite una retroalimentación adecuada en el proceso de enseñanza.,La conectividad limitada.,"Uso adecuado de la IA, manejo de plataformas para preparar material de apoyo.",A influido de manera positiva ya que el uso de plataformas digitales ahorra tiempo en la práctica docente.,El dilema sería como controlar si los estudiantes están aprendiendo o la IA está pensando por ellos.,INSTITUTO SUPERIOR TECNOLÓGICO LIMÓN
2025-10-28 22:24:58.425,4,4,3,5,5,4,4,3,4,4,4,4,4,4,4,5,5,5,5,5,1,2,2,3,"Uso avanzado y flexible, adapta recursos digitales a distintas necesidades.",Creación y adaptación de contenidos digitales.,Sobrecarga laboral o falta de tiempo.,"Sí, totalmente adecuadas.",Totalmente: Las competencias digitales transforman de forma clara los aprendizajes.,"Flexibilidad, mejor accesibilidad, optimización de la gestión docente y un enriquecimiento del proceso de aprendizaje mediante recursos interactivos y diversas metodologías digitales.","Las principales limitaciones encontradas en el uso de herramientas digitales en la práctica docente incluyen la brecha digital, la falta de capacitación técnica, las dificultades técnicas y la gestión de la interacción virtual.","Integración pedagógica y ética de las tecnologías, la gestión de recursos digitales, la evaluación en entornos virtuales y el fomento de la comunicación y colaboración digital.","Ha permitido una evaluación más personalizada, activa y transparente.","Formación docente insuficiente, Infraestructura tecnológica desigual, Privacidad y seguridad, Equidad e inclusión, Dependencia tecnológica y creatividad.",INSTITUTO SUPERIOR TECNOLÓGICO LIMÓN
2025-10-29 01:03:02.304,5,5,3,2,2,5,5,4,5,4,5,3,4,5,2,5,5,4,5,5,2,3,2,2,Innova con TIC y guía a otros docentes en su uso.,"Creación y adaptación de contenidos digitales., Desarrollo profesional y formación continua en competencias digitales, Uso de inteligencia artificial y tecnologías emergentes.","Falta de formación docente continua., Sobrecarga laboral o falta de tiempo., Escaso apoyo institucional.",Parcialmente adecuadas.,Bastante: Las competencias digitales potencian la enseñanza y la comprensión.,Mejor control de avance de rendimiento de los estudiantes,Las herramientas digitales son pocas y no se tiene licencia para la amplia gama de aplicaciones actuales,Uso de Inteligencia Artificial,En la creación de rúbricas,El desarrollo de tareas con el uso de IA no se puede controlar su uso,INSTITUTO SUPERIOR TECNOLÓGICO DEL AZUAY
2025-10-29 08:27:37.359,3,2,2,1,2,2,4,3,4,1,4,3,2,3,1,4,4,5,4,5,1,1,1,1,"Uso limitado, aplica TIC en actividades simples.","Evaluación digital (rúbricas, cuestionarios en línea, retroalimentación digital).","Infraestructura tecnológica insuficiente, Falta de formación docente continua., Sobrecarga laboral o falta de tiempo., Escaso apoyo institucional.",Poco adecuadas.,Moderadamente: Las competencias digitales pueden apoyar algunos aprendizajes.,Facilidad para ingresar o acceder desde casa o trabajo,Escasa o nula apoyo institucional para adecuado aprendizaje para el uso de herramientas digitales,"Es necesario poder gestionar adecuadamente la información, mantener una comunicación asertiva y dominar herramientas tecnológicas y pedagógicas",A presar del poco uso por el desconocimiento a sido positivo para evaluar el aprendizaje de los estudiantes cuando se lo a utilizado.,Falta de un análisis personal y limitación a una simple copia,INSTITUTO SUPERIOR TECNOLÓGICO DEL AZUAY
2025-10-29 08:50:32.514,4,4,2,4,3,4,5,3,5,3,5,5,5,4,4,5,4,5,4,5,1,1,1,1,Uso autónomo y regular de TIC en la enseñanza.,"Creación y adaptación de contenidos digitales., Comunicación y colaboración digital con estudiantes o colegas., Evaluación digital (rúbricas, cuestionarios en línea, retroalimentación digital)., Uso de inteligencia artificial y tecnologías emergentes.","Conectividad limitada., Falta de formación docente continua., Sobrecarga laboral o falta de tiempo., Escaso apoyo institucional.","Sí, totalmente adecuadas.",Bastante: Las competencias digitales potencian la enseñanza y la comprensión.,Promover la participación activa de los estudiantes y diversificar las actividades propuestas en el aula de manera colaborativa y autónoma.,Plataformas de pago,Conocimiento y aplicación de herramientas de inteligencia artificial aplicada a la educación ,Ideas innovadoras de alto valor en el aula,la mala utilización por parte de los estudiantes,INSTITUTO SUPERIOR TECNOLÓGICO DEL AZUAY
2025-10-29 09:55:11.610,4,5,1,4,3,4,4,5,5,3,4,4,5,3,3,5,5,5,5,5,2,1,1,2,Uso autónomo y regular de TIC en la enseñanza.,"Creación y adaptación de contenidos digitales., Comunicación y colaboración digital con estudiantes o colegas., Evaluación digital (rúbricas, cuestionarios en línea, retroalimentación digital)., Desarrollo profesional y formación continua en competencias digitales, Uso de inteligencia artificial y tecnologías emergentes.","Infraestructura tecnológica insuficiente, Conectividad limitada., Falta de formación docente continua., Sobrecarga laboral o falta de tiempo., Escaso apoyo institucional.","Sí, totalmente adecuadas.",Bastante: Las competencias digitales potencian la enseñanza y la comprensión.,Me permiten elaborar los objetivos generales y específicos de las diferentes unidades siempre y cuando le facilite a la IA los prompts detallados.,"La falta de conexión que los estudiantes poseen, falta de internet, conexión agil, las intermitencias.","El docente de educación superior debe desarrollar competencias digitales que le permitan integrar eficazmente la tecnología en su práctica pedagógica. Estas incluyen:
Información y alfabetización digital: saber buscar, evaluar y usar información en línea de manera crítica y ética.
Uso de herramientas tecnológicas: manejar plataformas y recursos digitales para optimizar la enseñanza-aprendizaje.
Diseño y gestión de entornos virtuales: crear experiencias educativas interactivas, tanto en modalidad virtual como híbrida.
Comunicación y colaboración digital: utilizar medios tecnológicos para comunicarse y trabajar colaborativamente.
Innovación y creatividad digital: aplicar tecnologías emergentes para fomentar el pensamiento crítico y la creatividad.
Seguridad y ética digital: promover el uso responsable y seguro de la información, respetando derechos y normas digitales.
Desarrollo profesional digital: actualizarse continuamente y participar en comunidades de aprendizaje en línea.
En conjunto, estas competencias fortalecen la enseñanza innovadora, colaborativa y segura en el entorno digital universitario.","El uso de herramientas digitales ha enriquecido mis estrategias de evaluación al permitir procesos más dinámicos, continuos y formativos. Estas herramientas facilitan la retroalimentación inmediata, la diversificación de evidencias de aprendizaje y la participación activa de los estudiantes mediante actividades interactivas y colaborativas. Además, han favorecido una evaluación más objetiva y flexible, centrada en el desarrollo de competencias y en la aplicación práctica del conocimiento.","La integración de herramientas de inteligencia artificial en el aula plantea importantes retos técnicos y éticos. Entre los retos técnicos, destacan la necesidad de capacitación docente para un uso adecuado, la conectividad limitada y la fiabilidad de las plataformas. En el ámbito ético, surgen dilemas relacionados con la protección de datos personales, el plagio, la autoría intelectual y la equidad en el acceso. Además, existe el riesgo de que la IA sustituya el pensamiento crítico si no se orienta adecuadamente su uso, por lo que el papel del docente sigue siendo esencial para guiar un aprendizaje responsable y ético.",INSTITUTO SUPERIOR TECNOLÓGICO DEL AZUAY
2025-10-29 14:01:04.632,4,4,3,3,3,2,4,3,5,3,4,4,3,2,3,5,4,5,5,5,1,1,1,1,Innova con TIC y guía a otros docentes en su uso.,"Creación y adaptación de contenidos digitales., Comunicación y colaboración digital con estudiantes o colegas., Desarrollo profesional y formación continua en competencias digitales",Sobrecarga laboral o falta de tiempo.,Parcialmente adecuadas.,Moderadamente: Las competencias digitales pueden apoyar algunos aprendizajes.,Interacción asincrónica con los alumnos,Acceso de los estudiantes,Innovación en la educación y aprendizaje,"Positivo, se maximiza el alcance de los entornos de prácticas",Uso inadecuado de la IA para elaborar tareas sin generar el aprendizaje,UNIVERSIDAD CATÓLICA DE CUENCA
2025-10-29 14:04:41.548,3,2,3,3,4,4,3,4,2,1,1,2,4,4,2,4,3,4,4,4,2,1,2,2,Uso autónomo y regular de TIC en la enseñanza.,"Creación y adaptación de contenidos digitales., Uso de inteligencia artificial y tecnologías emergentes.",Dificultades en la evaluación digital.,Parcialmente adecuadas.,Moderadamente: Las competencias digitales pueden apoyar algunos aprendizajes.,Permiten optimizar la organización y gestión en clases,Puede ser una falta de compromiso del estudiante.,"Considero la capacidad para actuar responsablemente, proteger la información y promover el uso ético de la tecnología; enfocado siempre al objetivo principal de aprovechar el tiempo en aprender / practicar",En mis estrategias para optimizar el tiempo de enseñana,Considero que los principios éticos e inclusive morales sean fortalecidos para el uso de la IA en un salón de clases,UNIVERSIDAD CATÓLICA DE CUENCA
2025-10-29 14:14:41.218,5,5,3,5,4,4,4,5,4,3,2,3,5,5,3,5,5,3,5,5,2,2,1,1,Innova con TIC y guía a otros docentes en su uso.,"Creación y adaptación de contenidos digitales., Evaluación digital (rúbricas, cuestionarios en línea, retroalimentación digital)., Desarrollo profesional y formación continua en competencias digitales, Uso de inteligencia artificial y tecnologías emergentes.","Conectividad limitada., Sobrecarga laboral o falta de tiempo., Resistencia al cambio o cultura digital limitada.",Parcialmente adecuadas.,Totalmente: Las competencias digitales transforman de forma clara los aprendizajes.,"Reducción de tiempo, facilidad para corregir y evaluar ",Conectividad ,Estar ctuqlizado en el uso de tecnologías e ia,Apoyo para ser más preciso evaluando,Plagio o excesivo uso de IA y menos razonamiento,UNIVERSIDAD CATÓLICA DE CUENCA
2025-10-29 15:02:13.207,5,5,5,5,5,5,5,5,5,5,5,5,5,5,5,5,5,5,5,5,3,3,3,3,Crea nuevas prácticas y difunde experiencias innovadoras.,"Creación y adaptación de contenidos digitales., Comunicación y colaboración digital con estudiantes o colegas., Evaluación digital (rúbricas, cuestionarios en línea, retroalimentación digital)., Desarrollo profesional y formación continua en competencias digitales, Uso de inteligencia artificial y tecnologías emergentes.","Infraestructura tecnológica insuficiente, Conectividad limitada., Falta de formación docente continua., Sobrecarga laboral o falta de tiempo., Escaso apoyo institucional., Resistencia al cambio o cultura digital limitada.","Sí, totalmente adecuadas.",Totalmente: Las competencias digitales transforman de forma clara los aprendizajes.,"Las plataformas virtuales han facilitado la comunicación constante con los estudiantes, permitiendo compartir recursos educativos de forma rápida y organizada. Además, promueven el aprendizaje autónomo, la retroalimentación inmediata y la flexibilidad en los tiempos y espacios de estudio. También han fortalecido el trabajo colaborativo mediante foros, videoconferencias y actividades interactivas.","Entre las principales limitaciones se encuentran los problemas de conectividad y el acceso desigual a dispositivos tecnológicos por parte de algunos estudiantes. Además, ciertas herramientas presentan una curva de aprendizaje que requiere tiempo para su dominio. En ocasiones, la sobrecarga de plataformas y la falta de capacitación técnica pueden dificultar la integración efectiva de las TIC en el proceso de enseñanza-aprendizaje.","Las competencias más importantes son: el dominio de herramientas digitales para la gestión del aula virtual, la creación de recursos multimedia, la comunicación efectiva en entornos digitales, la seguridad y ética digital, y la capacidad de evaluar el aprendizaje mediante tecnologías. También resulta esencial la competencia pedagógica digital, que implica seleccionar y adaptar las herramientas según las necesidades de los estudiantes y los objetivos de aprendizaje.","El uso de herramientas digitales ha permitido implementar evaluaciones más dinámicas, participativas y personalizadas. Plataformas como formularios, foros y cuestionarios interactivos facilitan la evaluación continua y la retroalimentación inmediata. Asimismo, las analíticas de aprendizaje ofrecen datos objetivos sobre el progreso de los estudiantes, lo que permite ajustar las estrategias pedagógicas y fomentar una evaluación más formativa y reflexiva.","En el ámbito ético, surgen dilemas relacionados con la protección de datos personales, la veracidad de la información generada por la IA y el riesgo de que los estudiantes dependan excesivamente de estas herramientas, afectando su pensamiento crítico y creatividad. También preocupa el uso de contenidos generados por IA sin un adecuado reconocimiento de autoría y la posibilidad de sesgos en los algoritmos que podrían influir en la equidad educativa.",UNIVERSIDAD CATÓLICA DE CUENCA
2025-10-29 15:41:05.429,4,2,1,5,5,2,2,2,1,3,3,4,3,4,2,5,5,4,4,5,1,1,1,1,"Uso limitado, aplica TIC en actividades simples.","Creación y adaptación de contenidos digitales., Comunicación y colaboración digital con estudiantes o colegas., Evaluación digital (rúbricas, cuestionarios en línea, retroalimentación digital)., Desarrollo profesional y formación continua en competencias digitales, Uso de inteligencia artificial y tecnologías emergentes.","Conectividad limitada., Falta de formación docente continua., Sobrecarga laboral o falta de tiempo., Resistencia al cambio o cultura digital limitada.",Poco adecuadas.,Totalmente: Las competencias digitales transforman de forma clara los aprendizajes.,Mayor rapidez en la presentación de trabajos,La práctica y no se adaptan a la parte matematica ,La IA,"Mucho, porque se crean más actividades ",Los estudiantes dejan de leer por la IA,UNIVERSIDAD CATÓLICA DE CUENCA
2025-10-29 15:41:18.827,3,4,2,4,3,4,3,3,1,1,4,4,3,4,4,4,3,5,5,5,2,1,1,1,Uso autónomo y regular de TIC en la enseñanza.,"Creación y adaptación de contenidos digitales., Evaluación digital (rúbricas, cuestionarios en línea, retroalimentación digital)., Uso de inteligencia artificial y tecnologías emergentes.","Infraestructura tecnológica insuficiente, Sobrecarga laboral o falta de tiempo., Escaso apoyo institucional.",Parcialmente adecuadas.,Moderadamente: Las competencias digitales pueden apoyar algunos aprendizajes.,Reducir tiempos en procesos enseñanza,Falta de Tiempo,.,.,Concientizar que el abuso de la IA implica la involucion de capacidades tales como creatividad y la de solución de problemas ,UNIVERSIDAD CATÓLICA DE CUENCA
2025-10-29 18:40:11.363,4,4,3,4,4,3,4,4,4,2,4,3,4,4,4,5,4,4,4,5,2,2,2,2,Uso autónomo y regular de TIC en la enseñanza.,"Creación y adaptación de contenidos digitales., Evaluación digital (rúbricas, cuestionarios en línea, retroalimentación digital)., Desarrollo profesional y formación continua en competencias digitales, Uso de inteligencia artificial y tecnologías emergentes.","Falta de formación docente continua., Sobrecarga laboral o falta de tiempo., Escaso apoyo institucional.",Parcialmente adecuadas.,Bastante: Las competencias digitales potencian la enseñanza y la comprensión.,Facilidad para calificar.,La necesidad de poseer licencias que en muchos casos son costosas ,Saber utilizar las herramientas de forma adecuada ,Me a permitido agudizar la detención del mal uso de IA en trabajos ,El copy anda paste ,UNIVERSIDAD CATÓLICA DE CUENCA
2025-10-29 19:45:23.969,4,5,4,5,5,4,3,3,3,2,5,5,5,3,4,4,3,5,5,5,1,1,1,2,Uso autónomo y regular de TIC en la enseñanza.,"Evaluación digital (rúbricas, cuestionarios en línea, retroalimentación digital).",Sobrecarga laboral o falta de tiempo.,Parcialmente adecuadas.,Moderadamente: Las competencias digitales pueden apoyar algunos aprendizajes.,Optimización de tiempo,"Tiempo limitada, varias asignaturas ",,Los estudiantes captan mejor los conceptos con temas interactivos,,INSTITUTO SUPERIOR TECNOLÓGICO DEL AZUAY
2025-10-30 09:14:45.203,3,3,3,3,3,3,3,3,3,3,3,3,3,3,3,3,3,3,3,3,1,1,1,1,"Uso muy básico de TIC, con apoyo frecuente",Creación y adaptación de contenidos digitales.,Infraestructura tecnológica insuficiente,Parcialmente adecuadas.,Moderadamente: Las competencias digitales pueden apoyar algunos aprendizajes.,es buena,falta internet,es importante todas,mejorar la practica docente,la IA,UNIVERSIDAD NACIONAL DE LOJA
2025-10-30 09:31:44.830,3,3,2,5,3,3,4,3,3,4,2,4,4,4,5,4,2,5,5,5,1,1,1,3,Uso autónomo y regular de TIC en la enseñanza.,"Evaluación digital (rúbricas, cuestionarios en línea, retroalimentación digital)., Desarrollo profesional y formación continua en competencias digitales, Uso de inteligencia artificial y tecnologías emergentes.",Sobrecarga laboral o falta de tiempo.,Parcialmente adecuadas.,Poco: El impacto es limitado o depende del contexto.,La principal ventaja ha sido la optimización de tiempo.,La falta de una estrategia coordinada entre profesor y estudiantes.,La capacitación en en el uso de plataformas y estrategias internacionales exitosas para el uso de TICs en la educación.,Muy baja incidencia.,La falta de un uso ético de la inteligencia artificial en la generación de trabajos por parte de los estudiantes.,UNIVERSIDAD CATÓLICA DE CUENCA
2025-10-30 09:39:32.171,5,5,2,2,2,1,5,2,5,5,3,4,5,5,5,5,5,5,5,5,1,2,2,2,Uso autónomo y regular de TIC en la enseñanza.,"Comunicación y colaboración digital con estudiantes o colegas., Uso de inteligencia artificial y tecnologías emergentes.",No aplica,"Sí, totalmente adecuadas.",Totalmente: Las competencias digitales transforman de forma clara los aprendizajes.,Automatización,Capacitación,Curar contenidos,Personalizar el aprendizaje,No declarar el uso de las IA Gen,UNIVERSIDAD NACIONAL DE LOJA
2025-10-30 12:08:29.387,4,4,3,3,3,5,5,5,5,5,5,4,2,4,3,4,5,5,5,5,1,1,2,1,"Uso avanzado y flexible, adapta recursos digitales a distintas necesidades.","Creación y adaptación de contenidos digitales., Evaluación digital (rúbricas, cuestionarios en línea, retroalimentación digital)., Desarrollo profesional y formación continua en competencias digitales, Uso de inteligencia artificial y tecnologías emergentes.","Falta de formación docente continua., Sobrecarga laboral o falta de tiempo., Escaso apoyo institucional.",Parcialmente adecuadas.,Moderadamente: Las competencias digitales pueden apoyar algunos aprendizajes.,"Fácil adaptación, es muy parametrizable la calificaciones, poco inconveniente de disponibilidad.",El uso de IA en estudiantes por bajos recursos.,"Manejo de plataformas CMS Educativos, Uso de IA, Uso de E-learning.",Facilita el seguimiento de calificaciones y recursos a utilizar.,El dilema ético en el control del uso intencional o no intencional de la IA,UNIVERSIDAD NACIONAL DE LOJA
2025-10-30 15:22:21.206,4,4,3,3,2,4,4,4,3,3,3,3,3,3,3,4,4,3,4,5,1,1,1,1,Uso autónomo y regular de TIC en la enseñanza.,"Evaluación digital (rúbricas, cuestionarios en línea, retroalimentación digital).","Sobrecarga laboral o falta de tiempo., Escaso apoyo institucional.",Parcialmente adecuadas.,Moderadamente: Las competencias digitales pueden apoyar algunos aprendizajes.,Digitalización de documentos ,Falta de tiempo para dominarlas ,Buscadores ,Falta de leer por parte de los estudiantes,Plagio de información entre estudiantes ,INSTITUTO SUPERIOR TECNOLÓGICO DEL AZUAY
2025-10-30 16:17:22.531,5,4,5,5,5,4,4,4,3,3,5,3,3,5,2,5,4,4,4,4,1,1,1,1,Uso autónomo y regular de TIC en la enseñanza.,"Creación y adaptación de contenidos digitales., Evaluación digital (rúbricas, cuestionarios en línea, retroalimentación digital)., Uso de inteligencia artificial y tecnologías emergentes.","Infraestructura tecnológica insuficiente, Escaso apoyo institucional., Dificultades en la evaluación digital.","Sí, totalmente adecuadas.",Totalmente: Las competencias digitales transforman de forma clara los aprendizajes.,Ahorramos tiempo,Servidores inestables,uso de tecnología,significativa ya que se aprende y enseña a la vez,que los estudiantes consiguen información y no verifican su valides ,INSTITUTO SUPERIOR TECNOLÓGICO LIMÓN
2025-10-30 17:26:55.729,5,5,3,5,5,3,3,4,5,2,5,3,5,5,5,5,5,5,5,5,1,1,1,1,Uso autónomo y regular de TIC en la enseñanza.,"Creación y adaptación de contenidos digitales., Comunicación y colaboración digital con estudiantes o colegas.","Infraestructura tecnológica insuficiente, Conectividad limitada., Falta de formación docente continua., Sobrecarga laboral o falta de tiempo., Escaso apoyo institucional., Resistencia al cambio o cultura digital limitada.","Sí, totalmente adecuadas.",Totalmente: Las competencias digitales transforman de forma clara los aprendizajes.,"Ahorro de tiempo, efectividad en clases",Internet bajo,Si,"En mucho, facilita el trabajo ",Dejar q todo realice la IA,INSTITUTO SUPERIOR TECNOLÓGICO LIMÓN
2025-10-31 09:27:46.070,4,4,3,4,4,4,3,2,5,1,2,4,5,5,4,4,5,5,5,5,1,1,1,2,"Uso avanzado y flexible, adapta recursos digitales a distintas necesidades.","Creación y adaptación de contenidos digitales., Evaluación digital (rúbricas, cuestionarios en línea, retroalimentación digital)., Desarrollo profesional y formación continua en competencias digitales","Falta de formación docente continua., Sobrecarga laboral o falta de tiempo.",Parcialmente adecuadas.,Moderadamente: Las competencias digitales pueden apoyar algunos aprendizajes.,"Permiten una mejor organización del aprendizaje, facilitan la comunicación con los estudiantes y ofrecen herramientas para evaluar y retroalimentar de manera más eficiente.","Algunas herramientas presentan limitaciones técnicas o problemas de conectividad, y en ocasiones los estudiantes tienen dificultades para adaptarse o mantener la participación constante en entornos virtuales.","Considero esenciales las competencias en gestión de entornos virtuales de aprendizaje, creación de recursos digitales, comunicación en línea efectiva y uso ético y seguro de la información.","El uso de herramientas digitales me ha permitido diversificar las formas de evaluación, incorporar retroalimentación inmediata y valorar procesos de aprendizaje más que solo resultados finales.","Uno de los principales retos es garantizar el uso ético y responsable de la inteligencia artificial, evitando el plagio o la dependencia excesiva de estas herramientas. Además, existen desafíos técnicos relacionados con la precisión de los resultados y la protección de los datos personales.",UNIVERSIDAD NACIONAL DE LOJA
2025-10-31 11:14:58.160,2,3,3,3,3,3,3,4,3,3,3,3,4,4,3,3,4,4,5,4,1,1,1,1,"Uso muy básico de TIC, con apoyo frecuente",Comunicación y colaboración digital con estudiantes o colegas.,Infraestructura tecnológica insuficiente,Parcialmente adecuadas.,Moderadamente: Las competencias digitales pueden apoyar algunos aprendizajes.,Facilita el proceso enseñanza,"Falta de conectividad, actualización de equipos ",Manajar muy bien las TICS,a mejorado el trabajo,capacitación continua,INSTITUTO SUPERIOR TECNOLÓGICO DEL AZUAY
2025-10-31 15:35:45.802,3,4,1,4,4,3,2,3,2,1,4,4,4,4,3,4,4,5,5,5,1,2,2,1,"Uso muy básico de TIC, con apoyo frecuente",Desarrollo profesional y formación continua en competencias digitales,"Infraestructura tecnológica insuficiente, Conectividad limitada., Falta de formación docente continua., Sobrecarga laboral o falta de tiempo.","Sí, totalmente adecuadas.",Totalmente: Las competencias digitales transforman de forma clara los aprendizajes.,"Acceso a material, facilita la comunicación entre docentes y estudiantes ",Problemas de conexión. Computadoras obsoletas ,Aprender a manejar plataformas virtuales.  Creación de recursos digitales. Aplicación  de evaluaciones usando herramientas tecnológicas ,Evaluaciones mas rápidas. Interactivas que permitan la retro alimentación ,"Usos indebidos, gasta de criterio de las estudiantes ",INSTITUTO SUPERIOR TECNOLÓGICO LIMÓN
2025-10-31 15:52:27.231,5,5,5,5,5,5,5,5,5,5,5,5,5,5,5,5,5,5,5,5,2,2,2,2,Innova con TIC y guía a otros docentes en su uso.,"Comunicación y colaboración digital con estudiantes o colegas., Evaluación digital (rúbricas, cuestionarios en línea, retroalimentación digital)., Uso de inteligencia artificial y tecnologías emergentes.",Resistencia al cambio o cultura digital limitada.,"Sí, totalmente adecuadas.",Totalmente: Las competencias digitales transforman de forma clara los aprendizajes.,RAPIDEZ,NINGUNA,IA,TIEMPOS,AUTORÍA ,INSTITUTO SUPERIOR TECNOLÓGICO SUCÚA
2025-10-31 15:58:08.070,4,4,3,5,5,3,3,3,4,4,4,4,4,3,2,3,3,3,2,3,1,1,1,2,Uso autónomo y regular de TIC en la enseñanza.,Creación y adaptación de contenidos digitales.,"Infraestructura tecnológica insuficiente, Conectividad limitada., Escaso apoyo institucional.",Parcialmente adecuadas.,Moderadamente: Las competencias digitales pueden apoyar algunos aprendizajes.,Meno sincronización de tareas ,Apps de pago ,Si,Desarrollo más innovador de contenido ,Muchos prefiero no aplicar no se demuestra esfuerzo propio ,INSTITUTO SUPERIOR TECNOLÓGICO SUCÚA
2025-10-31 16:02:33.969,4,4,2,4,3,4,3,5,4,3,5,4,5,5,5,4,5,4,5,5,2,2,1,2,Innova con TIC y guía a otros docentes en su uso.,"Evaluación digital (rúbricas, cuestionarios en línea, retroalimentación digital)., Desarrollo profesional y formación continua en competencias digitales, Uso de inteligencia artificial y tecnologías emergentes.","Infraestructura tecnológica insuficiente, Conectividad limitada., Sobrecarga laboral o falta de tiempo., Escaso apoyo institucional.",Parcialmente adecuadas.,Bastante: Las competencias digitales potencian la enseñanza y la comprensión.,"Ahorro de tiempo, conectividad","Internet, desconocimiento de herramientas",Resolución de problemas: ,Ofreciéndome diferentes parámetros y materiales para as evaluaciones,Plagio,INSTITUTO SUPERIOR TECNOLÓGICO SUCÚA
2025-10-31 16:05:21.236,4,4,4,4,3,4,3,4,4,4,3,4,4,4,4,4,4,4,4,4,1,1,1,2,"Uso avanzado y flexible, adapta recursos digitales a distintas necesidades.","Creación y adaptación de contenidos digitales., Comunicación y colaboración digital con estudiantes o colegas., Evaluación digital (rúbricas, cuestionarios en línea, retroalimentación digital)., Desarrollo profesional y formación continua en competencias digitales","Conectividad limitada., Falta de formación docente continua.",Parcialmente adecuadas.,Totalmente: Las competencias digitales transforman de forma clara los aprendizajes.,El usos de herramientas digitales ayuda que las clases sean interactivas.,"La conexión es deficiente en el laboratorio, por lo tanto no se logra avanzar como se debe.",el uso de toda plataforma digital que ayude al aprendizaje de los estudiantes.,Las herramientas digitales ayudan a que las tareas y actividades en clase sean interactivas y facilitan en la adquisición del la asignatura.,"En el tema técnico no todos los estudiantes tiene acceso a dispositivos electrónicos y en la ética , no todos los estudiantes desarrollan pensamiento crítico.",INSTITUTO SUPERIOR TECNOLÓGICO SUCÚA
2025-10-31 16:10:02.861,4,3,3,4,4,3,3,3,3,2,4,3,3,4,4,5,5,5,5,5,1,1,2,1,"Uso limitado, aplica TIC en actividades simples.","Creación y adaptación de contenidos digitales., Comunicación y colaboración digital con estudiantes o colegas.","Conectividad limitada., Falta de formación docente continua., Escaso apoyo institucional.",Parcialmente adecuadas.,Poco: El impacto es limitado o depende del contexto.,Ahorro de tiempo y se aprende más ,Falta de conectividad y de conocimiento de TIC ,"Competencia en comunicación y colaboración digital

Competencia en creación y gestión de contenidos digitales

Competencia pedagógica digital","Permiten una evaluación continua y en tiempo real mediante plataformas virtuales.

Facilitan la retroalimentación inmediata y personalizada.

Promueven el uso de rúbricas digitales que estandarizan los criterios de evaluación.

Favorecen la evaluación formativa a través de cuestionarios interactivos y foros.

Amplían las posibilidades de evaluar competencias prácticas mediante simuladores o entornos virtuales.

Entre Otras ","Conectividad inestable o limitada.

Escaso conocimiento o capacitación docente en el uso de herramientas de IA.

Dificultad para integrar la IA en los sistemas institucionales existentes.",INSTITUTO SUPERIOR TECNOLÓGICO SUCÚA
2025-10-31 16:14:15.513,2,2,3,4,3,2,3,3,2,2,2,2,3,4,2,4,4,4,4,4,1,1,2,2,"Uso muy básico de TIC, con apoyo frecuente","Creación y adaptación de contenidos digitales., Desarrollo profesional y formación continua en competencias digitales",Infraestructura tecnológica insuficiente,Parcialmente adecuadas.,Moderadamente: Las competencias digitales pueden apoyar algunos aprendizajes.,Apoyo académico ,Falta de capacitación ,Si,Permite ahorrar tiempo ,Los estudiantes ya no revisan materia ni contenido únicamente utilizan la IA,INSTITUTO SUPERIOR TECNOLÓGICO SUCÚA
2025-10-31 16:15:29.120,4,3,1,4,3,3,4,3,1,3,4,1,5,4,3,5,4,5,5,5,2,2,2,3,Innova con TIC y guía a otros docentes en su uso.,"Comunicación y colaboración digital con estudiantes o colegas., Desarrollo profesional y formación continua en competencias digitales, Uso de inteligencia artificial y tecnologías emergentes.",Sobrecarga laboral o falta de tiempo.,Parcialmente adecuadas.,Bastante: Las competencias digitales potencian la enseñanza y la comprensión.,Flexibilidad en el aprendizaje y disminución de consumo de papel,Los estudiantes se distraen con otras aplicaciones o redes sociales,Manejo de la información y los datos,Objetividad y transparencia de las calificaciones,Existe dependencia tecnológica de los estudiantes y el riesgo de plagio o uso indebido de contenidos generados por IA,INSTITUTO SUPERIOR TECNOLÓGICO SUCÚA
2025-10-31 16:21:44.034,5,4,4,4,4,4,5,4,4,4,4,4,4,4,4,4,5,5,5,5,3,3,3,3,Uso autónomo y regular de TIC en la enseñanza.,Comunicación y colaboración digital con estudiantes o colegas.,Escaso apoyo institucional.,Parcialmente adecuadas.,Moderadamente: Las competencias digitales pueden apoyar algunos aprendizajes.,NINGUNA,NINGUNA,NINGUNA,SN,SN,INSTITUTO SUPERIOR TECNOLÓGICO SUCÚA
2025-10-31 16:22:38.550,3,3,4,1,2,4,3,3,3,2,3,4,5,5,4,4,4,5,5,5,1,2,1,1,Uso autónomo y regular de TIC en la enseñanza.,Desarrollo profesional y formación continua en competencias digitales,"Infraestructura tecnológica insuficiente, Conectividad limitada., Sobrecarga laboral o falta de tiempo., Escaso apoyo institucional., Dificultades en la evaluación digital.",Parcialmente adecuadas.,Bastante: Las competencias digitales potencian la enseñanza y la comprensión.,"Optimizar el tiempo.
Trabajo colaborativo
Comunicación continua","Acceso a internet en el aula.
Falta de recursos y herramientas digitales gratuitas (La mayoría son de paga)","USO PEDAGÓGICO DE LAS TIC
COLABORATIVA EN ENTORNOS DIGITALES
CREACIÓN Y GESTIÓN DE RECURSOS DIGITALES
EVALUACIÓN DIGITAL
INNOVACIÓN Y PREPARACIÓN CONSTANTE DE LOS DOCENTES",OPTIMIZA EL TIEMPO Y LOS RECURSOS,LA DESHONESTIDAD ACADÉMICA,INSTITUTO SUPERIOR TECNOLÓGICO SUCÚA
2025-10-31 16:26:23.798,4,4,2,2,2,4,4,3,2,2,4,3,4,3,3,4,4,4,4,4,1,1,1,1,Uso autónomo y regular de TIC en la enseñanza.,"Comunicación y colaboración digital con estudiantes o colegas., Evaluación digital (rúbricas, cuestionarios en línea, retroalimentación digital).",Falta de formación docente continua.,Parcialmente adecuadas.,Bastante: Las competencias digitales potencian la enseñanza y la comprensión.,"Al utilizar moodle:
Permite crear actividades dinámicas.
Cargar videos.
Crear juegos y compartirlos por la herramienta.
Evaluar contenidos ","Conocer la parte administrativa de moodle, por ejemplo, como activar de manera dinámica la página ","Gestión de la información, la comunicación y colaboración, la creación de contenidos digitales, el uso pedagógico de herramientas digitales","Son dinámicas y facilitan el entendimiento, al evaluar por juegos o crucigramas donde el estudiante se enfoca a recordar contenidos.",Esperar que todo lo responde la IA y no analizar si lo que expone esta correcto.,INSTITUTO SUPERIOR TECNOLÓGICO SUCÚA
2025-10-31 16:27:31.709,4,3,2,2,2,3,3,3,4,2,5,3,4,4,4,4,4,4,4,4,1,1,1,1,Uso autónomo y regular de TIC en la enseñanza.,Comunicación y colaboración digital con estudiantes o colegas.,"Conectividad limitada., Falta de formación docente continua., Escaso apoyo institucional.",Parcialmente adecuadas.,Moderadamente: Las competencias digitales pueden apoyar algunos aprendizajes.,"Optimización de tiempo y recursos, flexibilidad en el acceso a la información y comunicación","problemas de conectividad, capacitación tecnológica insuficiente.","Conectividad limitada, capacitación insuficiente","Permite una evaluación permanente, individualizada  y continua. registrar evidencias del proceso de aprendeizaje.",conectividad y se corre el riesgo de tener una dependencia excesiva de la tecnología. se corre riesgo en la autenticidad de los trabajos dado que no se puede evidenciar el aprendizaje real del estudiante.,INSTITUTO SUPERIOR TECNOLÓGICO SUCÚA
2025-10-31 16:28:22.466,5,5,5,5,5,5,5,5,5,5,5,5,5,5,4,4,4,4,4,4,2,2,2,2,"Uso avanzado y flexible, adapta recursos digitales a distintas necesidades.",Creación y adaptación de contenidos digitales.,"Conectividad limitada., Sobrecarga laboral o falta de tiempo., Resistencia al cambio o cultura digital limitada.","Sí, totalmente adecuadas.",Totalmente: Las competencias digitales transforman de forma clara los aprendizajes.,Flexible  manejo,Falta de internet en las aulas,Si son esenciales ya que en la actualidad todo se maneja con la tecnologia,Y mejor aprendizaje en los estudiantes,Falta de internet en las aulas,INSTITUTO SUPERIOR TECNOLÓGICO SUCÚA
2025-10-31 16:32:35.504,4,3,3,3,3,3,3,3,3,3,3,3,3,3,3,3,3,3,3,3,1,1,1,1,"Uso muy básico de TIC, con apoyo frecuente",Creación y adaptación de contenidos digitales.,Infraestructura tecnológica insuficiente,"Sí, totalmente adecuadas.",Poco: El impacto es limitado o depende del contexto.,Innovación tecnológica,Acceso ,todas,tiempo,mejor atención,INSTITUTO SUPERIOR TECNOLÓGICO SUCÚA
2025-10-31 17:23:42.219,3,2,3,4,4,2,1,1,1,1,3,1,3,5,2,4,3,5,2,4,1,1,1,1,"Uso muy básico de TIC, con apoyo frecuente",Uso de inteligencia artificial y tecnologías emergentes.,Infraestructura tecnológica insuficiente,Poco adecuadas.,Moderadamente: Las competencias digitales pueden apoyar algunos aprendizajes.,Mas rapido,falta de capacitacion,varias,nada,aprender,INSTITUTO SUPERIOR TECNOLÓGICO SUCÚA
2025-10-31 18:07:20.461,4,4,3,4,5,3,4,4,3,3,4,4,4,4,3,4,3,4,4,4,1,2,1,2,"Uso limitado, aplica TIC en actividades simples.",Comunicación y colaboración digital con estudiantes o colegas.,"Infraestructura tecnológica insuficiente, Falta de formación docente continua.",Parcialmente adecuadas.,Moderadamente: Las competencias digitales pueden apoyar algunos aprendizajes.,OPTIMIZA RECURSOS EL FACTOR TIEMPO,INDICACIONES PERSONALIZADAS,CREACION DE CONTENIDO DIGITAL,SU CRITERIO PRACTICO Y TECNICO,QUE EL CONTENIDO GENERADO SEA PLAGIO,INSTITUTO SUPERIOR TECNOLÓGICO SUCÚA
2025-10-31 18:29:37.552,4,4,3,3,4,3,4,3,2,2,4,3,3,4,1,4,4,4,4,5,1,1,1,1,Uso autónomo y regular de TIC en la enseñanza.,"Evaluación digital (rúbricas, cuestionarios en línea, retroalimentación digital)., Desarrollo profesional y formación continua en competencias digitales","Conectividad limitada., Falta de formación docente continua.",Poco adecuadas.,Bastante: Las competencias digitales potencian la enseñanza y la comprensión.,"Práctico 
Se puede compartir tareas o retroalimentación ","Falta de conocimiento
Falta de tiempo","Gestión de entornos virtuales de aprendizaje
Diseño de contenidos digitales contextualizados
Comunicación y colaboración digital
Evaluación y retroalimentación digital
Alfabetización en datos y seguridad digital
Innovación educativa con tecnologías emergentes","El acceso a plataformas digitales ha permitido incorporar evaluaciones formativas, autoevaluaciones y coevaluaciones mediante formularios interactivos, rúbricas compartidas y retroalimentación automatizada. Esto ha enriquecido los criterios de evaluación, haciéndolos más participativos y transparentes.
Las herramientas digitales facilitan el seguimiento del aprendizaje en tiempo real. Por ejemplo, el uso de foros, diarios reflexivos o portafolios digitales permite valorar procesos más que productos, reconociendo el esfuerzo, la evolución y la apropiación crítica del conocimiento.","Brecha digital y desigualdad de acceso
Capacitación docente insuficiente
Integración curricular limitada
Fiabilidad y precisión de la IA",INSTITUTO SUPERIOR TECNOLÓGICO SUCÚA
2025-10-31 18:49:14.428,4,4,4,4,4,4,4,4,4,4,4,4,3,4,3,4,4,3,4,3,2,1,1,1,"Uso limitado, aplica TIC en actividades simples.","Evaluación digital (rúbricas, cuestionarios en línea, retroalimentación digital)., Uso de inteligencia artificial y tecnologías emergentes.","Conectividad limitada., Resistencia al cambio o cultura digital limitada.","Sí, totalmente adecuadas.",Moderadamente: Las competencias digitales pueden apoyar algunos aprendizajes.,Interactuar con los estudiantes ,Desconocimiento ,Herramientas tecnológicas,evaluaciones más dinámicas y personalizadas,Privacidad y protección de datos,INSTITUTO SUPERIOR TECNOLÓGICO SUCÚA
2025-11-01 09:22:36.707,3,3,4,4,2,2,3,3,2,2,5,4,5,4,2,4,3,3,3,3,2,2,2,2,Uso autónomo y regular de TIC en la enseñanza.,Desarrollo profesional y formación continua en competencias digitales,"Infraestructura tecnológica insuficiente, Falta de formación docente continua., Resistencia al cambio o cultura digital limitada.",Parcialmente adecuadas.,Moderadamente: Las competencias digitales pueden apoyar algunos aprendizajes.,mayor facilidad de explicación ,desconocimiento al momento de usar ,integración de tecnología en la enseñanza,estar a la par con los nuevos contenidos que nos dan la tecnologia ,Avences tecnologicos ,INSTITUTO SUPERIOR PEDAGÓGICO INTERCULTURAL BILINGÜE QUILLOAC TEC
2025-11-05 14:35:51.791,3,4,2,2,2,3,3,4,2,2,4,2,4,2,4,4,3,3,3,4,1,1,1,1,"Uso muy básico de TIC, con apoyo frecuente",Creación y adaptación de contenidos digitales.,"Infraestructura tecnológica insuficiente, Falta de formación docente continua.",Parcialmente adecuadas.,Moderadamente: Las competencias digitales pueden apoyar algunos aprendizajes.,ahorro de tiempo,deficiente infraestructura tecnología,"videos, PPT",Mayor captación.,la adaptación los estudiantes,INSTITUTO SUPERIOR PEDAGÓGICO INTERCULTURAL BILINGÜE QUILLOAC TEC
2025-11-05 14:35:53.568,4,4,2,2,2,3,3,4,2,2,4,4,4,3,2,4,4,4,4,4,1,1,1,1,"Uso limitado, aplica TIC en actividades simples.","Evaluación digital (rúbricas, cuestionarios en línea, retroalimentación digital)., Uso de inteligencia artificial y tecnologías emergentes.","Falta de formación docente continua., Sobrecarga laboral o falta de tiempo.",No son adecuadas.,Moderadamente: Las competencias digitales pueden apoyar algunos aprendizajes.,Mejor manera de obtener conocimiento,Contacto con el docente,Moodle ,Ninguna ,Ninguna ,INSTITUTO SUPERIOR PEDAGÓGICO INTERCULTURAL BILINGÜE QUILLOAC TEC
2025-11-05 15:38:00.962,4,4,3,3,3,3,3,4,3,4,4,4,4,3,2,3,3,3,2,3,1,1,1,1,"Uso avanzado y flexible, adapta recursos digitales a distintas necesidades.","Creación y adaptación de contenidos digitales., Comunicación y colaboración digital con estudiantes o colegas., Evaluación digital (rúbricas, cuestionarios en línea, retroalimentación digital)., Desarrollo profesional y formación continua en competencias digitales","Infraestructura tecnológica insuficiente, Conectividad limitada., Sobrecarga laboral o falta de tiempo., Escaso apoyo institucional., Resistencia al cambio o cultura digital limitada.",Parcialmente adecuadas.,Bastante: Las competencias digitales potencian la enseñanza y la comprensión.,Mas facilidad para el proceso de enseñanza y apoyo a los estudiantes ,Falta de conexión del internet ,Competencia en el uso de herramientas tecnológicas,"El uso de herramientas digitales ha transformado significativamente mis estrategias y criterios de evaluación, permitiendo una valoración más integral, dinámica y continua del aprendizaje","Como retos técnicos tenemos  limitada infraestructura tecnológica en algunas instituciones, el acceso desigual a internet y la falta de capacitación docente para usar adecuadamente estas herramientas",INSTITUTO SUPERIOR PEDAGÓGICO INTERCULTURAL BILINGÜE QUILLOAC TEC
2025-11-05 15:43:35.949,4,4,3,4,3,4,4,4,3,4,4,4,4,2,2,3,3,3,2,3,1,1,2,2,Uso autónomo y regular de TIC en la enseñanza.,Uso de inteligencia artificial y tecnologías emergentes.,Conectividad limitada.,Poco adecuadas.,Bastante: Las competencias digitales potencian la enseñanza y la comprensión.,He encontrado como principal ventaja el orden y la eficiencia en la gestión de las tareas académicas,"He enfrentado limitaciones relacionadas con la conectividad a internet, especialmente dentro de las aulas","Es fundamental que el docente maneje herramientas digitales para planificar, impartir y evaluar clases en entornos virtuales, fomente la participación de los estudiantes en línea y utilice recursos tecnológicos para innovar en sus estrategias didácticas.","Me han ayudado a hacer evaluaciones más prácticas e interactivas, con retroalimentación rápida y seguimiento individual del desempeño de los estudiantes.",He identificado como desafíos la detección del uso indebido de herramientas de IA en las tareas.,INSTITUTO SUPERIOR PEDAGÓGICO INTERCULTURAL BILINGÜE QUILLOAC TEC
2025-11-05 15:48:47.955,4,4,3,4,4,2,3,3,3,2,4,3,3,3,2,5,5,5,5,5,1,1,1,1,Uso autónomo y regular de TIC en la enseñanza.,Creación y adaptación de contenidos digitales.,Falta de formación docente continua.,Poco adecuadas.,Moderadamente: Las competencias digitales pueden apoyar algunos aprendizajes.,Facilidad de información por parte de los estudiantes,Desconocimiento de metodologías y procesos de uso y manejo,Creación de contenidos digitales,En muchos casos las respuesta no son del estuidnate,El plagio,INSTITUTO SUPERIOR PEDAGÓGICO INTERCULTURAL BILINGÜE QUILLOAC TEC
2025-11-05 16:26:17.604,3,3,2,3,3,2,2,2,1,1,2,2,2,1,1,1,1,2,3,2,1,1,1,1,"Uso muy básico de TIC, con apoyo frecuente",Creación y adaptación de contenidos digitales.,Sobrecarga laboral o falta de tiempo.,Parcialmente adecuadas.,Bastante: Las competencias digitales potencian la enseñanza y la comprensión.,Permite organizar las tareas optimiza tiempo en las evaluaciones,El desconocimiento de algunas herramientas para aplicar dentro de  aula,Aquellas orientadas a la práctica pedagógica,Es una herramienta de apoyo y optimiza el tiempo,Dinamizar las clases y generar aprendizajes significativos,INSTITUTO SUPERIOR PEDAGÓGICO INTERCULTURAL BILINGÜE QUILLOAC TEC
2025-11-05 16:29:30.215,4,4,3,1,1,3,3,3,3,3,4,3,4,3,1,4,3,4,3,4,1,1,1,1,Uso autónomo y regular de TIC en la enseñanza.,Creación y adaptación de contenidos digitales.,"Falta de formación docente continua., Sobrecarga laboral o falta de tiempo., Escaso apoyo institucional.",Parcialmente adecuadas.,Bastante: Las competencias digitales potencian la enseñanza y la comprensión.,La automatización de la información.,El poco conocimiento.,Creación de contenido educativo digital,Retroalimentación oportuna con los estudiantes.,La información es superficial.,INSTITUTO SUPERIOR PEDAGÓGICO INTERCULTURAL BILINGÜE QUILLOAC TEC
2025-11-05 16:39:08.772,4,4,3,1,1,3,3,3,2,2,3,3,4,3,1,3,3,4,3,4,1,1,1,1,Uso autónomo y regular de TIC en la enseñanza.,Comunicación y colaboración digital con estudiantes o colegas.,Falta de formación docente continua.,Parcialmente adecuadas.,Bastante: Las competencias digitales potencian la enseñanza y la comprensión.,Información automatizada,Poco conocimiento sobre el uso de herramientas,Administración de plataformas educativas,Evaluación individualizada,Información superficial,INSTITUTO SUPERIOR PEDAGÓGICO INTERCULTURAL BILINGÜE QUILLOAC TEC
2025-11-05 16:39:51.109,5,4,5,3,2,5,5,5,2,3,4,5,4,3,2,3,4,5,5,5,1,1,1,2,Uso autónomo y regular de TIC en la enseñanza.,"Creación y adaptación de contenidos digitales., Evaluación digital (rúbricas, cuestionarios en línea, retroalimentación digital)., Uso de inteligencia artificial y tecnologías emergentes.",Infraestructura tecnológica insuficiente,Parcialmente adecuadas.,Moderadamente: Las competencias digitales pueden apoyar algunos aprendizajes.,Disminuye el tiempo,Falta de internet ,Actualización constante ,De buena manera ,Al momento ninguno ,INSTITUTO SUPERIOR PEDAGÓGICO INTERCULTURAL BILINGÜE QUILLOAC TEC
2025-11-05 16:55:16.508,4,4,3,5,4,4,5,3,4,4,4,4,4,4,5,4,4,5,5,5,2,2,2,2,"Uso limitado, aplica TIC en actividades simples.","Evaluación digital (rúbricas, cuestionarios en línea, retroalimentación digital).","Infraestructura tecnológica insuficiente, Conectividad limitada., Dificultades en la evaluación digital.",Parcialmente adecuadas.,Bastante: Las competencias digitales potencian la enseñanza y la comprensión.,generación estadística  de datos,falta de laboratorios de computo modernos que satisfagan la necesidad,manejo de programas de especialización  según la asignatura,Es una herramienta alternativa ,falta de una red confiable que permita satisfacer la necesidad ,INSTITUTO SUPERIOR TECNOLÓGICO DEL AZUAY
2025-11-05 17:30:42.903,5,5,5,1,3,5,4,4,5,5,5,5,5,5,1,5,5,5,5,5,3,2,3,3,Uso autónomo y regular de TIC en la enseñanza.,"Comunicación y colaboración digital con estudiantes o colegas., Evaluación digital (rúbricas, cuestionarios en línea, retroalimentación digital)., Desarrollo profesional y formación continua en competencias digitales","Infraestructura tecnológica insuficiente, Conectividad limitada., Sobrecarga laboral o falta de tiempo., Escaso apoyo institucional., Dificultades en la evaluación digital.","Sí, totalmente adecuadas.",Bastante: Las competencias digitales potencian la enseñanza y la comprensión.,Compactibilidad y confianza que ganan los estudiantes,Conectividad,"Las básicas como Google, IA, Drive, EVA, Redes, Navegadores Básicos","Test, juegos, crucigramas, sopa de letras, Capcut, Canva, Drive, Moodle","Plagio, los estudiantes se confían mucho y están dejando de razonar en lugar de tener como base los recursos..",INSTITUTO SUPERIOR PEDAGÓGICO INTERCULTURAL BILINGÜE QUILLOAC TEC
2025-11-05 18:06:01.673,5,5,4,5,5,5,5,5,5,5,5,5,5,5,5,5,5,5,5,5,1,1,1,1,Crea nuevas prácticas y difunde experiencias innovadoras.,"Creación y adaptación de contenidos digitales., Comunicación y colaboración digital con estudiantes o colegas., Evaluación digital (rúbricas, cuestionarios en línea, retroalimentación digital)., Desarrollo profesional y formación continua en competencias digitales, Uso de inteligencia artificial y tecnologías emergentes.","Conectividad limitada., Sobrecarga laboral o falta de tiempo., Dificultades en la evaluación digital.","Sí, totalmente adecuadas.",Totalmente: Las competencias digitales transforman de forma clara los aprendizajes.,Eficiencia en actividades docentes.,Tiempo para realizar recursos propios de aprendizaje,"Dominio LMS, y herramientas IA, capacidad de generar recursos educativos ejemplo con Genially",Organización y seguimiento de rendimiento del estudiante.,Cuando se usa para suplir al estudiante y no para generar conocimiento.,INSTITUTO SUPERIOR PEDAGÓGICO INTERCULTURAL BILINGÜE QUILLOAC TEC
2025-11-05 18:06:54.165,4,4,4,1,1,4,4,4,4,1,4,4,5,3,3,4,4,4,2,5,2,1,1,1,Uso autónomo y regular de TIC en la enseñanza.,Creación y adaptación de contenidos digitales.,estudiantes no cuentan con internet o un laptop,Parcialmente adecuadas.,Bastante: Las competencias digitales potencian la enseñanza y la comprensión.,la comprensión de los estudiantes,Algunas herramientas no pueden ser usados por los estudiantes en un celular,el uso de herramientas tecnológicas,de manera activa,que se debe buscar el uso de IA de manara ética,INSTITUTO SUPERIOR PEDAGÓGICO INTERCULTURAL BILINGÜE QUILLOAC TEC
2025-11-06 08:36:36.038,3,4,4,5,5,4,4,3,3,3,3,4,4,5,4,5,5,5,5,5,2,1,1,2,Uso autónomo y regular de TIC en la enseñanza.,Desarrollo profesional y formación continua en competencias digitales,Sobrecarga laboral o falta de tiempo.,Parcialmente adecuadas.,Totalmente: Las competencias digitales transforman de forma clara los aprendizajes.,"Didáctica, funcionalidad, retroalimentación, etc",Tiempo,Recursos y evaluación digital,La evaluación formativa es una herramienta fundamental para la retroalimentación.,La falta de esfuerzo que genera el uso sin ética de las IA's,INSTITUTO SUPERIOR TECNOLÓGICO LIMÓN
2025-11-06 10:43:42.187,3,3,2,3,4,3,2,3,3,3,4,4,5,3,2,5,4,5,4,5,1,1,1,1,Uso autónomo y regular de TIC en la enseñanza.,"Evaluación digital (rúbricas, cuestionarios en línea, retroalimentación digital).","Infraestructura tecnológica insuficiente, Falta de formación docente continua.",Parcialmente adecuadas.,Moderadamente: Las competencias digitales pueden apoyar algunos aprendizajes.,Ahorro de tiempo en tareas repetitivas como calificar evaluaciones.,Todos los estudiantes no tienen acceso a internet en las aulas.,La creación de contenidos educativos y saber manejar diferentes plataformas digitales.,Se pueden aplicar diferentes tipos de evaluación y hacer que la retroalimentación sea inmediata.,Que los jóvenes se vuelvan dependientes y no tengan criterio propio.,INSTITUTO SUPERIOR TECNOLÓGICO LIMÓN
2025-11-06 12:44:03.833,4,1,1,3,2,2,4,4,4,1,5,3,5,5,3,5,5,5,5,5,1,1,1,1,Uso autónomo y regular de TIC en la enseñanza.,"Creación y adaptación de contenidos digitales., Uso de inteligencia artificial y tecnologías emergentes.","Falta de formación docente continua., Escaso apoyo institucional., Resistencia al cambio o cultura digital limitada.",Parcialmente adecuadas.,Totalmente: Las competencias digitales transforman de forma clara los aprendizajes.,Ahorro de tiempo,Conexión a internet,"Conocimiento de la herramienta, ",Trabajo interactivo,Uso desmedido de la IA,INSTITUTO SUPERIOR TECNOLÓGICO DEL AZUAY
2025-11-12 11:31:09.772,3,3,2,2,2,2,2,2,2,2,2,2,2,2,2,2,2,2,2,2,1,1,1,1,"Uso limitado, aplica TIC en actividades simples.","Creación y adaptación de contenidos digitales., Comunicación y colaboración digital con estudiantes o colegas.","Infraestructura tecnológica insuficiente, Conectividad limitada.","Sí, totalmente adecuadas., Poco adecuadas.",Poco: El impacto es limitado o depende del contexto.,Simplicar tareas.,Capacitación.,"Manejar las TICs, y usarlo en la práctica docente.",Me han permitido alcanzar grandes experiencias.,Se debería crear herramientas de analisis de IA de forma gratuita.,INSTITUTO SUPERIOR TECNOLÓGICO LIMÓN
2025-11-12 11:50:42.708,4,3,1,2,3,4,4,3,5,4,5,5,5,5,5,5,5,5,5,5,1,1,1,3,Innova con TIC y guía a otros docentes en su uso.,"Creación y adaptación de contenidos digitales., Comunicación y colaboración digital con estudiantes o colegas., Evaluación digital (rúbricas, cuestionarios en línea, retroalimentación digital)., Desarrollo profesional y formación continua en competencias digitales, Uso de inteligencia artificial y tecnologías emergentes.","Infraestructura tecnológica insuficiente, Conectividad limitada., Escaso apoyo institucional., Resistencia al cambio o cultura digital limitada.","Sí, totalmente adecuadas.",Nada: No percibo relación entre competencias digitales y aprendizajes significativos.,aHORRO DE TIEMPO,NINGUNA,USO DE LA IA EN ELA EDUCACION,APRENDIZAJE MAS DIVERTIDO,USO SIN RESTRICCION DE LA IA,INSTITUTO SUPERIOR TECNOLÓGICO DEL AZUAY
2025-11-12 22:00:43.581,2,2,2,2,2,2,2,2,2,2,3,2,2,2,2,1,2,1,1,1,1,1,1,1,"Uso muy básico de TIC, con apoyo frecuente",Creación y adaptación de contenidos digitales.,Infraestructura tecnológica insuficiente,"Sí, totalmente adecuadas.",Nada: No percibo relación entre competencias digitales y aprendizajes significativos.,Facil uso de las TiCs,La falta de una buena Infrestrucutra Tecnológica.,Contar con las competencias del Marco Común Europero DigComp,"De manera Positiva, ya que permite acceder a varios recursos de la IA.",No hay control en el uso de las herramientas de Inteligencia Artificial en los Estudiantes.,INSTITUTO SUPERIOR TECNOLÓGICO LIMÓN
2025-11-12 22:06:20.408,2,2,2,2,2,2,2,2,2,2,2,2,2,2,2,2,2,2,2,2,1,1,1,1,"Uso muy básico de TIC, con apoyo frecuente","Creación y adaptación de contenidos digitales., Evaluación digital (rúbricas, cuestionarios en línea, retroalimentación digital).","Infraestructura tecnológica insuficiente, Conectividad limitada.","Sí, totalmente adecuadas.",Poco: El impacto es limitado o depende del contexto.,Mayor cantidad de recursos,Falta de Capacitación.,Manejar herramientas tecnológicas.,Permite personalizar el aprendeizaje.,Los estudiantes estan perdiendo su capacidad de Análisis,INSTITUTO SUPERIOR TECNOLÓGICO SUCÚA
